CREATE TABLE IF NOT EXISTS `призеры` (
  `id записи` int NOT NULL PRIMARY KEY AUTO_INCREMENT,
  `id соревнования` int NOT NULL,
  `id спортсмена` int NOT NULL,
  FOREIGN KEY (`id спортсмена`) REFERENCES `спортсмены` (`id спортсмена`) ON UPDATE CASCADE,
  FOREIGN KEY (`id соревнования`) REFERENCES `соревнования` (`id соревнования`) ON UPDATE CASCADE
) ENGINE=InnoDB;

INSERT INTO `призеры` (`id записи`, `id соревнования`, `id спортсмена`) VALUES
(1, 1, 8),
(2, 1, 16),
(3, 1, 11),
(4, 2, 12),
(5, 2, 15),
(6, 2, 8),
(7, 3, 17),
(8, 3, 16),
(9, 3, 7),
(10, 4, 8),
(11, 4, 7),
(12, 4, 17),
(13, 5, 10),
(14, 5, 6),
(15, 5, 8),
(16, 6, 14),
(17, 6, 12),
(18, 6, 3),
(19, 7, 3),
(20, 7, 18),
(21, 7, 10),
(22, 8, 4),
(23, 8, 12),
(24, 8, 14),
(25, 9, 5),
(26, 9, 19),
(27, 9, 17),
(28, 10, 3),
(29, 10, 20),
(30, 10, 6);

CREATE TABLE IF NOT EXISTS `результаты` (
  `id_результата` int NOT NULL PRIMARY KEY AUTO_INCREMENT,
  `id_спортсмена` int NOT NULL,
  `id_соревнования` int NOT NULL,
  `результат` int NOT NULL,
  FOREIGN KEY (`id_спортсмена`) REFERENCES `спортсмены` (`id спортсмена`) ON UPDATE CASCADE,
  FOREIGN KEY (`id_соревнования`) REFERENCES `соревнования` (`id соревнования`) ON UPDATE CASCADE
) ENGINE=InnoDB;

INSERT INTO `результаты` (`id_результата`, `id_спортсмена`, `id_соревнования`, `результат`) VALUES
(1, 8, 6, 10),
(2, 6, 5, 14),
(3, 2, 7, 16),
(4, 12, 2, 11),
(5, 12, 8, 19),
(6, 3, 6, 20),
(7, 17, 4, 22),
(8, 10, 5, 24),
(9, 12, 9, 21),
(10, 3, 8, 12),
(11, 17, 2, 18),
(12, 6, 10, 13),
(13, 11, 6, 13),
(14, 16, 3, 17),
(15, 6, 2, 18),
(16, 3, 1, 11),
(17, 4, 3, 15),
(18, 4, 7, 17),
(19, 12, 2, 11),
(20, 18, 7, 21),
(21, 20, 10, 17),
(22, 18, 6, 20),
(23, 17, 8, 18),
(24, 12, 8, 10),
(25, 14, 2, 14),
(26, 3, 4, 14),
(27, 7, 3, 20),
(28, 16, 3, 22),
(29, 17, 9, 18),
(30, 4, 8, 24),
(31, 8, 1, 20),
(32, 15, 4, 22),
(33, 10, 7, 20),
(34, 17, 1, 13),
(35, 8, 5, 13),
(36, 1, 4, 14),
(37, 10, 4, 21),
(38, 18, 4, 11),
(39, 8, 2, 21),
(40, 14, 9, 11),
(41, 16, 1, 19),
(42, 16, 6, 18),
(43, 15, 2, 22),
(44, 3, 2, 12),
(45, 3, 7, 23),
(46, 11, 6, 15),
(47, 20, 6, 18),
(48, 12, 3, 11),
(49, 3, 10, 24),
(50, 18, 8, 10),
(51, 12, 7, 16),
(52, 14, 6, 23),
(53, 20, 4, 19),
(54, 12, 2, 22),
(55, 4, 9, 14),
(56, 19, 9, 19),
(57, 7, 4, 23),
(58, 16, 2, 10),
(59, 5, 8, 14),
(60, 12, 4, 22),
(61, 11, 9, 16),
(62, 14, 8, 19),
(63, 12, 6, 20),
(64, 8, 4, 24),
(65, 17, 3, 24),
(66, 11, 1, 13);

CREATE TABLE IF NOT EXISTS `спортсмены` (
  `id_спортсмена` int NOT NULL PRIMARY KEY AUTO_INCREMENT,
  `ФИО` varchar(255) NOT NULL,
  `email` varchar(255) NOT NULL,
  `телефон` bigint NOT NULL,
  `дата рождения` date NOT NULL,
  `возраст` int NOT NULL,
  `дата и время создания записи` date NOT NULL,
  `номер паспорта` int NOT NULL,
  `среднее место на соревнованиях` decimal(10,0) NOT NULL,
  `биография` varchar(255) NOT NULL,
  `видеопрезентация` tinyint(1) NOT NULL
) ENGINE=InnoDB;

INSERT INTO `спортсмены` (`id спортсмена`, `ФИО`, `email`, `телефон`, `дата рождения`, `возраст`, `дата и время создания записи`, `номер паспорта`, `среднее место на соревнованиях`, `биография`, `видеопрезентация`) VALUES
(1, 'Колбенев Артём Чеславович', 'jacob04@yahoo.com', 79847987150, '1995-11-02', 27, '2002-10-07', 739717, '2', 'Скромный человек', 1),
(2, 'Якунчиков Иван Евлампиевич', 'bullockvalerie@craig-newman.info', 79933152718, '1979-06-23', 43, '2006-10-04', 970612, '2', 'Просто человек', 1),
(3, 'Терехов Аркадий Ульянович', 'hannah17@hotmail.com', 79239019178, '1974-07-04', 48, '2002-03-03', 644081, '2', 'Просто человек', 0),
(4, 'Кудрявцев Геннадий Давыдович', 'robinsonbetty@hotmail.com', 79053121484, '2005-04-06', 17, '2001-08-06', 847440, '2', 'Хороший человек', 1),
(5, 'Невский Даниил Маркович', 'davisamy@holland.com', 79607271664, '1994-10-15', 28, '2000-01-24', 395720, '2', 'Просто человек', 0),
(6, 'Шурша Роман Никифорович', 'ruth28@gmail.com', 79893126758, '1987-05-23', 35, '2001-01-16', 678154, '2', 'Просто человек', 0),
(7, 'Лихачёв Кирилл Иосифович', 'qramirez@gmail.com', 79806260451, '1998-10-25', 24, '2006-07-11', 180249, '3', 'Просто человек', 1),
(8, 'Майструк Федор Ульянович', 'crystal46@hotmail.com', 79440101138, '1971-11-07', 51, '2000-05-10', 198737, '3', 'Скромный человек', 1),
(9, 'Дмитровский Всеслав Иванович', 'shaun19@gmail.com', 79334772090, '1982-04-27', 40, '2005-01-25', 893941, '2', 'Хороший человек', 0),
(10, 'Кондрат Евгений Саввевич', 'cheyenne16@frazier-ramirez.net', 79806010007, '2002-01-14', 20, '2001-11-26', 950089, '3', 'Хороший человек', 1),
(11, 'Зобов Арсений Модестович', 'sarahlarson@yahoo.com', 79894179653, '1996-05-23', 26, '2004-06-25', 761499, '3', 'Скромный человек', 0),
(12, 'Хуторской Григорий Гордеевич', 'lori34@vega.com', 79275720221, '1981-07-14', 41, '2002-11-26', 780848, '3', 'Скромный человек', 1),
(13, 'Цейдлиц Роман Севастьянович', 'baileybrittany@yahoo.com', 79746502388, '1990-02-15', 32, '2001-03-28', 169990, '2', 'Просто человек', 0),
(14, 'Гурьянов Данила Андреевич', 'gkim@hotmail.com', 79287844050, '2004-12-21', 18, '2002-03-13', 215476, '2', 'Хороший человек', 1),
(15, 'Паулкин Артем Родионович', 'nharris@hotmail.com', 79627053040, '1996-04-23', 26, '2002-11-24', 630974, '3', 'Скромный человек', 1),
(16, 'Улицкий Вячеслав Куприянович', 'uaustin@hotmail.com', 79965866591, '1973-08-06', 49, '2002-08-11', 218156, '3', 'Просто человек', 1),
(17, 'Саянский Роман Валериевич', 'tcallahan@tate.org', 79359010361, '1980-07-09', 42, '2006-04-16', 912484, '4', 'Хороший человек', 0),
(18, 'Тимошкин Глеб Сократович', 'ogutierrez@sanders.com', 79520159087, '1991-09-15', 31, '2000-07-19', 952256, '7', 'Хороший человек', 1),
(19, 'Сысоев Богдан Денисович', 'montgomerycharles@gmail.com', 79064800719, '2004-04-24', 18, '2004-02-08', 637721, '6', 'Скромный человек', 0),
(20, 'Могутов Сергей Егорович', 'travis74@gmail.com', 79818231488, '1996-05-17', 26, '2005-04-22', 969450, '9', 'Хороший человек', 0);

CREATE TABLE IF NOT EXISTS `соревнования` (
  `id соревнования` int NOT NULL PRIMARY KEY AUTO_INCREMENT,
  `соревнование` varchar(255) NOT NULL
) ENGINE=InnoDB;

INSERT INTO `соревнования` (`id соревнования`, `соревнование`) VALUES
(1, 'Марафон 1'),
(2, 'Марафон 2'),
(3, 'Марафон 3'),
(4, 'Марафон 4'),
(5, 'Марафон 5'),
(6, 'Марафон 6'),
(7, 'Марафон 7'),
(8, 'Марафон 8'),
(9, 'Марафон 9'),
(10, 'Марафон 10');